{
    "mean": [
        0.5958980282819852,
        0.4131868802551143,
        2.0388349514563107,
        7.012872594850109,
        2.3023334812613863,
        610.879072556101,
        2018.6400740127262,
        56.42522118678601
    ],
    "scale": [
        0.22965711469253633,
        0.20260881229218486,
        0.9796207914744742,
        4.157643523896221,
        1.796840350434765,
        239.1286908940552,
        2408.772761635964,
        58.18654898693389
    ]
}